timestampMs,poorSignal,eegRawValue,eegRawValueVolts,attention,meditation,blinkStrength,delta,theta,alphaLow,alphaHigh,betaLow,betaHigh,gammaLow,gammaMid,action
1.54898E+12,0,112,2.46E-05,54,27,34,1415860,37203,16758115,20910,24778,9950,1437,1357,rest
1.54898E+12,0,96,2.11E-05,54,27,34,1415860,37203,16758115,20910,24778,9950,1437,1357,rest
1.54898E+12,0,67,1.47E-05,54,27,34,1415860,37203,16758115,20910,24778,9950,1437,1357,rest
1.54898E+12,0,19,4.17E-06,54,27,34,1415860,37203,16758115,20910,24778,9950,1437,1357,rest
1.54898E+12,0,25,5.49E-06,54,27,34,1415860,37203,16758115,20910,24778,9950,1437,1357,rest
1.54898E+12,0,41,9.01E-06,54,27,34,1415860,37203,16758115,20910,24778,9950,1437,1357,rest
1.54898E+12,0,89,1.96E-05,54,27,34,1415860,37203,16758115,20910,24778,9950,1437,1357,rest
1.54898E+12,0,100,2.20E-05,54,27,34,1415860,37203,16758115,20910,24778,9950,1437,1357,rest
1.54898E+12,0,22,4.83E-06,54,27,34,1415860,37203,16758115,20910,24778,9950,1437,1357,rest
1.54898E+12,0,8,1.76E-06,54,27,34,1415860,37203,16758115,20910,24778,9950,1437,1357,rest
1.54898E+12,0,12,2.64E-06,54,27,34,1415860,37203,16758115,20910,24778,9950,1437,1357,rest
1.54898E+12,0,21,4.61E-06,54,27,34,1415860,37203,16758115,20910,24778,9950,1437,1357,rest
1.54898E+12,0,38,8.35E-06,54,27,34,1415860,37203,16758115,20910,24778,9950,1437,1357,rest
1.54898E+12,0,66,1.45E-05,54,27,34,1415860,37203,16758115,20910,24778,9950,1437,1357,rest
1.54898E+12,0,75,1.65E-05,54,27,34,1415860,37203,16758115,20910,24778,9950,1437,1357,rest
1.54898E+12,0,51,1.12E-05,54,27,34,1415860,37203,16758115,20910,24778,9950,1437,1357,rest
1.54898E+12,0,68,1.49E-05,54,27,34,1415860,37203,16758115,20910,24778,9950,1437,1357,rest
1.54898E+12,0,88,1.93E-05,54,27,34,1415860,37203,16758115,20910,24778,9950,1437,1357,rest
1.54898E+12,0,70,1.54E-05,61,90,34,20693,5215,32196,9007,13658,10945,1602,992,rest
1.54898E+12,0,57,1.25E-05,61,90,34,20693,5215,32196,9007,13658,10945,1602,992,rest
1.54898E+12,0,27,5.93E-06,61,90,34,20693,5215,32196,9007,13658,10945,1602,992,rest
1.54898E+12,0,10,2.20E-06,61,90,34,20693,5215,32196,9007,13658,10945,1602,992,rest
1.54898E+12,0,-257,-5.65E-05,61,90,34,20693,5215,32196,9007,13658,10945,1602,992,rest
1.54898E+12,0,-126,-2.77E-05,56,94,34,19297,14657,97833,76527,11701,11496,3546,2528,rest
1.54898E+12,0,-265,-5.82E-05,56,94,34,19297,14657,97833,76527,11701,11496,3546,2528,rest
1.54898E+12,0,42,9.23E-06,56,94,34,19297,14657,97833,76527,11701,11496,3546,2528,rest
1.54898E+12,0,66,1.45E-05,56,94,34,19297,14657,97833,76527,11701,11496,3546,2528,rest
1.54898E+12,0,73,1.60E-05,56,94,34,19297,14657,97833,76527,11701,11496,3546,2528,rest
1.54898E+12,0,75,1.65E-05,56,94,34,19297,14657,97833,76527,11701,11496,3546,2528,rest
1.54898E+12,0,41,9.01E-06,50,90,34,76381,80321,23459,16752632,9831,7167,2049,960,rest
1.54898E+12,0,55,1.21E-05,50,90,34,76381,80321,23459,16752632,9831,7167,2049,960,rest
1.54898E+12,0,18,3.96E-06,50,90,34,76381,80321,23459,16752632,9831,7167,2049,960,rest
1.54898E+12,0,117,2.57E-05,50,90,34,76381,80321,23459,16752632,9831,7167,2049,960,rest
1.54898E+12,0,68,1.49E-05,50,90,34,76381,80321,23459,16752632,9831,7167,2049,960,rest
1.54898E+12,0,2,4.39E-07,50,90,34,76381,80321,23459,16752632,9831,7167,2049,960,rest
1.54898E+12,0,38,8.35E-06,50,90,34,76381,80321,23459,16752632,9831,7167,2049,960,rest
1.54898E+12,0,61,1.34E-05,50,90,34,76381,80321,23459,16752632,9831,7167,2049,960,rest
1.54898E+12,0,67,1.47E-05,38,77,34,87358,16762092,24730,11045,7697,2499,2811,748,rest
1.54898E+12,0,51,1.12E-05,38,77,34,87358,16762092,24730,11045,7697,2499,2811,748,rest
1.54898E+12,0,45,9.89E-06,38,77,34,87358,16762092,24730,11045,7697,2499,2811,748,rest
1.54898E+12,0,34,7.47E-06,38,77,34,87358,16762092,24730,11045,7697,2499,2811,748,rest
1.54898E+12,0,26,5.71E-06,38,77,34,87358,16762092,24730,11045,7697,2499,2811,748,rest
1.54898E+12,0,28,6.15E-06,38,77,34,87358,16762092,24730,11045,7697,2499,2811,748,rest
1.54898E+12,0,-274,-6.02E-05,8,63,34,12259,135467,22511,21757,4169,2646,1974,1157,rest
1.54898E+12,0,-259,-5.69E-05,8,63,34,12259,135467,22511,21757,4169,2646,1974,1157,rest
1.54898E+12,0,82,1.80E-05,8,63,34,12259,135467,22511,21757,4169,2646,1974,1157,rest
1.54898E+12,0,67,1.47E-05,8,63,34,12259,135467,22511,21757,4169,2646,1974,1157,rest
1.54898E+12,0,68,1.49E-05,8,63,34,12259,135467,22511,21757,4169,2646,1974,1157,rest
1.54898E+12,0,69,1.52E-05,8,63,34,12259,135467,22511,21757,4169,2646,1974,1157,rest
1.54898E+12,0,75,1.65E-05,8,63,34,12259,135467,22511,21757,4169,2646,1974,1157,rest
1.54898E+12,0,66,1.45E-05,8,63,34,12259,135467,22511,21757,4169,2646,1974,1157,rest
1.54898E+12,0,61,1.34E-05,8,63,34,12259,135467,22511,21757,4169,2646,1974,1157,rest
1.54898E+12,0,-289,-6.35E-05,8,63,34,12259,135467,22511,21757,4169,2646,1974,1157,rest
1.54898E+12,0,-296,-6.50E-05,8,63,34,12259,135467,22511,21757,4169,2646,1974,1157,rest
1.54898E+12,0,-283,-6.22E-05,8,63,34,12259,135467,22511,21757,4169,2646,1974,1157,rest
1.54898E+12,0,50,1.10E-05,17,61,34,458705,16750561,18161,28611,11320,8222,1490,2058,rest
1.54898E+12,0,65,1.43E-05,17,61,34,458705,16750561,18161,28611,11320,8222,1490,2058,rest
1.54898E+12,0,102,2.24E-05,17,61,34,458705,16750561,18161,28611,11320,8222,1490,2058,rest
1.54898E+12,0,113,2.48E-05,29,80,34,53123,19648,15156,16764041,6959,3432,2265,1560,rest
1.54898E+12,0,74,1.63E-05,29,80,34,53123,19648,15156,16764041,6959,3432,2265,1560,rest
1.54898E+12,0,34,7.47E-06,29,80,34,53123,19648,15156,16764041,6959,3432,2265,1560,rest
1.54898E+12,0,44,9.67E-06,29,80,34,53123,19648,15156,16764041,6959,3432,2265,1560,rest
1.54898E+12,0,55,1.21E-05,29,80,34,53123,19648,15156,16764041,6959,3432,2265,1560,rest
1.54898E+12,0,49,1.08E-05,29,80,34,53123,19648,15156,16764041,6959,3432,2265,1560,rest
1.54898E+12,0,26,5.71E-06,47,75,34,88530,5420,13613,6522,5735,4839,3185,860,rest
1.54898E+12,0,28,6.15E-06,47,75,34,88530,5420,13613,6522,5735,4839,3185,860,rest
1.54898E+12,0,17,3.74E-06,47,75,34,88530,5420,13613,6522,5735,4839,3185,860,rest
1.54898E+12,0,89,1.96E-05,47,75,34,88530,5420,13613,6522,5735,4839,3185,860,rest
1.54898E+12,0,70,1.54E-05,47,75,34,88530,5420,13613,6522,5735,4839,3185,860,rest
1.54898E+12,0,41,9.01E-06,44,81,34,28959,23602,5025,16771448,5016,4180,4396,1206,rest
1.54898E+12,0,45,9.89E-06,44,81,34,28959,23602,5025,16771448,5016,4180,4396,1206,rest
1.54898E+12,0,73,1.60E-05,44,81,34,28959,23602,5025,16771448,5016,4180,4396,1206,rest
1.54898E+12,0,97,2.13E-05,44,81,34,28959,23602,5025,16771448,5016,4180,4396,1206,rest
1.54898E+12,0,32,7.03E-06,47,87,34,26473,9108,9735,17949,7635,4556,1402,1607,rest
1.54898E+12,0,41,9.01E-06,47,87,34,26473,9108,9735,17949,7635,4556,1402,1607,rest
1.54898E+12,0,0,0,47,87,34,26473,9108,9735,17949,7635,4556,1402,1607,rest
1.54898E+12,0,39,8.57E-06,47,87,34,26473,9108,9735,17949,7635,4556,1402,1607,rest
1.54898E+12,0,84,1.85E-05,47,87,34,26473,9108,9735,17949,7635,4556,1402,1607,rest
1.54898E+12,0,84,1.85E-05,47,87,34,26473,9108,9735,17949,7635,4556,1402,1607,rest
1.54898E+12,0,84,1.85E-05,47,87,34,26473,9108,9735,17949,7635,4556,1402,1607,rest
1.54898E+12,0,22,4.83E-06,63,66,34,266059,25161,5576,6097,9945,6776,1502,1380,rest
1.54898E+12,0,24,5.27E-06,63,66,34,266059,25161,5576,6097,9945,6776,1502,1380,rest
1.54898E+12,0,28,6.15E-06,63,66,34,266059,25161,5576,6097,9945,6776,1502,1380,rest
1.54898E+12,0,10,2.20E-06,63,66,34,266059,25161,5576,6097,9945,6776,1502,1380,rest
1.54898E+12,0,-263,-5.78E-05,63,66,34,266059,25161,5576,6097,9945,6776,1502,1380,rest
1.54898E+12,0,16,3.52E-06,63,66,34,266059,25161,5576,6097,9945,6776,1502,1380,rest
1.54898E+12,0,108,2.37E-05,63,66,34,266059,25161,5576,6097,9945,6776,1502,1380,rest
1.54898E+12,0,113,2.48E-05,63,66,34,266059,25161,5576,6097,9945,6776,1502,1380,rest
1.54898E+12,0,99,2.18E-05,63,66,34,266059,25161,5576,6097,9945,6776,1502,1380,rest
1.54898E+12,0,64,1.41E-05,75,53,34,89422,10457,17163,16746271,7605,4192,1642,872,rest
1.54898E+12,0,44,9.67E-06,75,53,34,89422,10457,17163,16746271,7605,4192,1642,872,rest
1.54898E+12,0,51,1.12E-05,75,53,34,89422,10457,17163,16746271,7605,4192,1642,872,rest
1.54898E+12,0,51,1.12E-05,75,53,34,89422,10457,17163,16746271,7605,4192,1642,872,rest
1.54898E+12,0,52,1.14E-05,75,53,34,89422,10457,17163,16746271,7605,4192,1642,872,rest
1.54898E+12,0,9,1.98E-06,75,53,34,89422,10457,17163,16746271,7605,4192,1642,872,rest
1.54898E+12,0,7,1.54E-06,75,53,34,89422,10457,17163,16746271,7605,4192,1642,872,rest
1.54898E+12,0,-262,-5.76E-05,75,53,34,89422,10457,17163,16746271,7605,4192,1642,872,rest
1.54898E+12,0,-268,-5.89E-05,75,53,34,89422,10457,17163,16746271,7605,4192,1642,872,rest
1.54898E+12,0,40,8.79E-06,75,53,34,89422,10457,17163,16746271,7605,4192,1642,872,rest
1.54898E+12,0,38,8.35E-06,75,53,34,89422,10457,17163,16746271,7605,4192,1642,872,rest
1.54898E+12,0,40,8.79E-06,75,53,34,89422,10457,17163,16746271,7605,4192,1642,872,rest
1.54898E+12,0,48,1.05E-05,75,53,34,89422,10457,17163,16746271,7605,4192,1642,872,rest
1.54898E+12,0,20,4.39E-06,54,47,34,39917,16748239,6434,7799,6576,2367,2987,485,rest
1.54898E+12,0,72,1.58E-05,54,47,34,39917,16748239,6434,7799,6576,2367,2987,485,rest
1.54898E+12,0,-108,-2.37E-05,56,53,34,67961,14046,24864,13748,4656,11635,3947,838,rest
1.54898E+12,0,-125,-2.75E-05,56,53,34,67961,14046,24864,13748,4656,11635,3947,838,rest
1.54898E+12,0,40,8.79E-06,56,53,34,67961,14046,24864,13748,4656,11635,3947,838,rest
1.54898E+12,0,59,1.30E-05,56,53,34,67961,14046,24864,13748,4656,11635,3947,838,rest
1.54898E+12,0,87,1.91E-05,56,53,34,67961,14046,24864,13748,4656,11635,3947,838,rest
1.54898E+12,0,56,1.23E-05,56,53,34,67961,14046,24864,13748,4656,11635,3947,838,rest
1.54898E+12,0,51,1.12E-05,40,67,34,88848,16761055,16752108,25785,2686,7628,2359,2618,rest
1.54898E+12,0,34,7.47E-06,40,67,34,88848,16761055,16752108,25785,2686,7628,2359,2618,rest
1.54898E+12,0,22,4.83E-06,40,67,34,88848,16761055,16752108,25785,2686,7628,2359,2618,rest
1.54898E+12,0,88,1.93E-05,40,67,34,88848,16761055,16752108,25785,2686,7628,2359,2618,rest
1.54898E+12,0,11,2.42E-06,40,67,34,88848,16761055,16752108,25785,2686,7628,2359,2618,rest
1.54898E+12,0,6,1.32E-06,56,60,34,205210,21295,10201,15704,9311,2743,1605,704,rest
1.54898E+12,0,24,5.27E-06,56,60,34,205210,21295,10201,15704,9311,2743,1605,704,rest
1.54898E+12,0,67,1.47E-05,27,87,34,28382,26565,15183,16744642,1539,3119,3750,1195,rest
1.54898E+12,0,73,1.60E-05,27,87,34,28382,26565,15183,16744642,1539,3119,3750,1195,rest
1.54898E+12,0,-284,-6.24E-05,27,87,34,28382,26565,15183,16744642,1539,3119,3750,1195,rest
1.54898E+12,0,65,1.43E-05,17,100,34,12367,15973,81858,16771478,3486,4629,1797,196,rest
1.54898E+12,0,33,7.25E-06,17,100,34,12367,15973,81858,16771478,3486,4629,1797,196,rest
1.54898E+12,0,74,1.63E-05,17,100,34,12367,15973,81858,16771478,3486,4629,1797,196,rest
1.54898E+12,0,102,2.24E-05,17,100,34,12367,15973,81858,16771478,3486,4629,1797,196,rest
1.54898E+12,0,104,2.29E-05,17,100,34,12367,15973,81858,16771478,3486,4629,1797,196,rest
1.54898E+12,0,100,2.20E-05,26,84,34,214832,20791,13701,4529,2172,5912,2486,710,rest
1.54898E+12,0,96,2.11E-05,26,84,34,214832,20791,13701,4529,2172,5912,2486,710,rest
1.54898E+12,0,107,2.35E-05,26,84,34,214832,20791,13701,4529,2172,5912,2486,710,rest
1.54898E+12,0,38,8.35E-06,16,93,34,16747211,14880,77513,16759932,7264,3948,3272,540,rest
1.54898E+12,0,44,9.67E-06,16,93,34,16747211,14880,77513,16759932,7264,3948,3272,540,rest
1.54898E+12,0,50,1.10E-05,16,93,34,16747211,14880,77513,16759932,7264,3948,3272,540,rest
1.54898E+12,0,43,9.45E-06,16,93,34,16747211,14880,77513,16759932,7264,3948,3272,540,rest
1.54898E+12,0,114,2.50E-05,16,93,34,16747211,14880,77513,16759932,7264,3948,3272,540,rest
1.54898E+12,0,58,1.27E-05,16,93,34,16747211,14880,77513,16759932,7264,3948,3272,540,rest
1.54898E+12,0,57,1.25E-05,16,93,34,16747211,14880,77513,16759932,7264,3948,3272,540,rest
1.54898E+12,0,86,1.89E-05,16,93,34,16747211,14880,77513,16759932,7264,3948,3272,540,rest
1.54898E+12,0,84,1.85E-05,16,93,34,16747211,14880,77513,16759932,7264,3948,3272,540,rest
1.54898E+12,0,81,1.78E-05,16,93,34,16747211,14880,77513,16759932,7264,3948,3272,540,rest
1.54898E+12,0,83,1.82E-05,16,93,34,16747211,14880,77513,16759932,7264,3948,3272,540,rest
1.54898E+12,0,55,1.21E-05,40,70,34,9280,19105,12750,18097,5749,5780,1561,945,rest
1.54898E+12,0,22,4.83E-06,43,70,34,4880,8513,17857,18656,2329,6086,1580,1387,rest
1.54898E+12,0,13,2.86E-06,43,70,34,4880,8513,17857,18656,2329,6086,1580,1387,rest
1.54898E+12,0,12,2.64E-06,43,70,34,4880,8513,17857,18656,2329,6086,1580,1387,rest
1.54898E+12,0,17,3.74E-06,43,70,34,4880,8513,17857,18656,2329,6086,1580,1387,rest
1.54898E+12,0,33,7.25E-06,43,70,34,4880,8513,17857,18656,2329,6086,1580,1387,rest
1.54898E+12,0,7,1.54E-06,35,70,34,25491,75167,16218,28756,5976,5775,2047,1477,rest
1.54898E+12,0,9,1.98E-06,35,70,34,25491,75167,16218,28756,5976,5775,2047,1477,rest
1.54898E+12,0,29,6.37E-06,35,70,34,25491,75167,16218,28756,5976,5775,2047,1477,rest
1.54898E+12,0,6,1.32E-06,48,78,34,38638,31759,16746659,12075,14153,3449,1058,777,rest
1.54898E+12,0,-284,-6.24E-05,48,78,34,38638,31759,16746659,12075,14153,3449,1058,777,rest
1.54898E+12,0,97,2.13E-05,48,78,34,38638,31759,16746659,12075,14153,3449,1058,777,rest
1.54898E+12,0,84,1.85E-05,48,78,34,38638,31759,16746659,12075,14153,3449,1058,777,rest
1.54898E+12,0,77,1.69E-05,48,78,34,38638,31759,16746659,12075,14153,3449,1058,777,rest
1.54898E+12,0,49,1.08E-05,44,57,34,88637,16758800,1972,11093,6724,3364,234,469,rest
1.54898E+12,0,60,1.32E-05,44,57,34,88637,16758800,1972,11093,6724,3364,234,469,rest
1.54898E+12,0,56,1.23E-05,44,57,34,88637,16758800,1972,11093,6724,3364,234,469,rest
1.54898E+12,0,60,1.32E-05,44,57,34,88637,16758800,1972,11093,6724,3364,234,469,rest
1.54898E+12,0,65,1.43E-05,44,57,34,88637,16758800,1972,11093,6724,3364,234,469,rest
1.54898E+12,0,59,1.30E-05,44,57,34,88637,16758800,1972,11093,6724,3364,234,469,rest
1.54898E+12,0,50,1.10E-05,44,57,34,88637,16758800,1972,11093,6724,3364,234,469,rest
1.54898E+12,0,69,1.52E-05,43,81,34,22265,19812,16765961,24993,7191,11504,955,1035,rest
1.54898E+12,0,70,1.54E-05,43,81,34,22265,19812,16765961,24993,7191,11504,955,1035,rest
1.54898E+12,0,59,1.30E-05,43,81,34,22265,19812,16765961,24993,7191,11504,955,1035,rest
1.54898E+12,0,-90,-1.98E-05,43,81,34,22265,19812,16765961,24993,7191,11504,955,1035,rest
1.54898E+12,0,84,1.85E-05,43,81,34,22265,19812,16765961,24993,7191,11504,955,1035,rest
1.54898E+12,0,74,1.63E-05,43,81,34,22265,19812,16765961,24993,7191,11504,955,1035,rest
1.54898E+12,0,68,1.49E-05,43,81,34,22265,19812,16765961,24993,7191,11504,955,1035,rest
1.54898E+12,0,-270,-5.93E-05,48,80,34,106793,16745097,16750229,12628,10364,3972,3138,676,rest
1.54898E+12,0,54,1.19E-05,48,80,34,106793,16745097,16750229,12628,10364,3972,3138,676,rest
1.54898E+12,0,-102,-2.24E-05,48,80,34,106793,16745097,16750229,12628,10364,3972,3138,676,rest
1.54898E+12,0,58,1.27E-05,48,80,34,106793,16745097,16750229,12628,10364,3972,3138,676,rest
1.54898E+12,0,54,1.19E-05,48,80,34,106793,16745097,16750229,12628,10364,3972,3138,676,rest
1.54898E+12,0,48,1.05E-05,48,80,34,106793,16745097,16750229,12628,10364,3972,3138,676,rest
1.54898E+12,0,-280,-6.15E-05,48,80,34,106793,16745097,16750229,12628,10364,3972,3138,676,rest
1.54898E+12,0,57,1.25E-05,37,64,34,89536,17845,11339,7090,1995,4654,2409,2073,rest
1.54898E+12,0,42,9.23E-06,37,64,34,89536,17845,11339,7090,1995,4654,2409,2073,rest
1.54898E+12,0,27,5.93E-06,37,64,34,89536,17845,11339,7090,1995,4654,2409,2073,rest
1.54898E+12,0,53,1.16E-05,27,78,34,146321,31497,32538,16746700,11003,4457,1631,1351,rest
1.54898E+12,0,54,1.19E-05,27,78,34,146321,31497,32538,16746700,11003,4457,1631,1351,rest
1.54898E+12,0,36,7.91E-06,27,78,34,146321,31497,32538,16746700,11003,4457,1631,1351,rest
1.54898E+12,0,40,8.79E-06,27,78,34,146321,31497,32538,16746700,11003,4457,1631,1351,rest
1.54898E+12,0,32,7.03E-06,27,78,34,146321,31497,32538,16746700,11003,4457,1631,1351,rest
1.54898E+12,0,26,5.71E-06,27,78,34,146321,31497,32538,16746700,11003,4457,1631,1351,rest
1.54898E+12,0,42,9.23E-06,27,78,34,146321,31497,32538,16746700,11003,4457,1631,1351,rest
1.54898E+12,0,88,1.93E-05,41,61,34,177595,17730,9627,4444,3772,5102,2813,975,rest
1.54898E+12,0,100,2.20E-05,41,61,34,177595,17730,9627,4444,3772,5102,2813,975,rest
1.54898E+12,0,106,2.33E-05,41,61,34,177595,17730,9627,4444,3772,5102,2813,975,rest
1.54898E+12,0,75,1.65E-05,41,61,34,177595,17730,9627,4444,3772,5102,2813,975,rest
1.54898E+12,0,90,1.98E-05,41,61,34,177595,17730,9627,4444,3772,5102,2813,975,rest
1.54898E+12,0,93,2.04E-05,41,61,34,177595,17730,9627,4444,3772,5102,2813,975,rest
1.54898E+12,0,99,2.18E-05,48,66,34,82448,28265,7644,6823,3317,7370,3473,1234,rest
1.54898E+12,0,-126,-2.77E-05,48,66,34,82448,28265,7644,6823,3317,7370,3473,1234,rest
1.54898E+12,0,13,2.86E-06,34,69,34,169100,13464,12742,32426,5780,5746,2457,384,rest
1.54898E+12,0,13,2.86E-06,34,69,34,169100,13464,12742,32426,5780,5746,2457,384,rest
1.54898E+12,0,28,6.15E-06,34,69,34,169100,13464,12742,32426,5780,5746,2457,384,rest
1.54898E+12,0,34,7.47E-06,34,69,34,169100,13464,12742,32426,5780,5746,2457,384,rest
1.54898E+12,0,117,2.57E-05,34,69,34,169100,13464,12742,32426,5780,5746,2457,384,rest
1.54898E+12,0,-126,-2.77E-05,34,69,34,169100,13464,12742,32426,5780,5746,2457,384,rest
1.54898E+12,0,123,2.70E-05,34,69,34,169100,13464,12742,32426,5780,5746,2457,384,rest
1.54898E+12,0,114,2.50E-05,34,69,34,169100,13464,12742,32426,5780,5746,2457,384,rest
1.54898E+12,0,65,1.43E-05,34,69,34,169100,13464,12742,32426,5780,5746,2457,384,rest
1.54898E+12,0,-268,-5.89E-05,43,70,34,284810,78683,25466,66209,8996,7014,4511,1311,rest
1.54898E+12,0,32,7.03E-06,43,70,34,284810,78683,25466,66209,8996,7014,4511,1311,rest
1.54898E+12,0,82,1.80E-05,43,70,34,284810,78683,25466,66209,8996,7014,4511,1311,rest
1.54898E+12,0,117,2.57E-05,43,70,34,284810,78683,25466,66209,8996,7014,4511,1311,rest
1.54898E+12,0,113,2.48E-05,43,70,34,284810,78683,25466,66209,8996,7014,4511,1311,rest
1.54898E+12,0,-273,-6.00E-05,34,80,34,16771612,9829,10511,85048,4475,6671,2176,1204,rest
1.54898E+12,0,-259,-5.69E-05,34,80,34,16771612,9829,10511,85048,4475,6671,2176,1204,rest
1.54898E+12,0,-260,-5.71E-05,34,80,34,16771612,9829,10511,85048,4475,6671,2176,1204,rest
1.54898E+12,0,57,1.25E-05,34,80,34,16771612,9829,10511,85048,4475,6671,2176,1204,rest
1.54898E+12,0,6,1.32E-06,34,80,34,16771612,9829,10511,85048,4475,6671,2176,1204,rest
1.54898E+12,0,32,7.03E-06,34,80,34,16771612,9829,10511,85048,4475,6671,2176,1204,rest
1.54898E+12,0,18,3.96E-06,34,80,34,16771612,9829,10511,85048,4475,6671,2176,1204,rest
1.54898E+12,0,27,5.93E-06,23,70,34,137245,84529,17816,9332,3423,2205,4725,1886,rest
1.54898E+12,0,69,1.52E-05,23,70,34,137245,84529,17816,9332,3423,2205,4725,1886,rest
1.54898E+12,0,81,1.78E-05,23,70,34,137245,84529,17816,9332,3423,2205,4725,1886,rest
1.54898E+12,0,-302,-6.64E-05,23,70,34,137245,84529,17816,9332,3423,2205,4725,1886,rest
1.54898E+12,0,88,1.93E-05,23,70,34,137245,84529,17816,9332,3423,2205,4725,1886,rest
1.54898E+12,0,96,2.11E-05,23,70,34,137245,84529,17816,9332,3423,2205,4725,1886,rest
1.54898E+12,0,58,1.27E-05,23,70,34,137245,84529,17816,9332,3423,2205,4725,1886,rest
1.54898E+12,0,82,1.80E-05,23,70,34,137245,84529,17816,9332,3423,2205,4725,1886,rest
1.54898E+12,0,113,2.48E-05,41,66,34,275644,17302,3032,2384,6987,3081,2745,2344,rest
1.54898E+12,0,96,2.11E-05,41,66,34,275644,17302,3032,2384,6987,3081,2745,2344,rest
1.54898E+12,0,11,2.42E-06,41,66,34,275644,17302,3032,2384,6987,3081,2745,2344,rest
1.54898E+12,0,53,1.16E-05,41,66,34,275644,17302,3032,2384,6987,3081,2745,2344,rest
1.54898E+12,0,69,1.52E-05,41,66,34,275644,17302,3032,2384,6987,3081,2745,2344,rest
1.54898E+12,0,12,2.64E-06,20,83,34,20386,22047,9522,34654,3745,2443,761,922,rest
1.54898E+12,0,54,1.19E-05,20,83,34,20386,22047,9522,34654,3745,2443,761,922,rest
1.54898E+12,0,72,1.58E-05,20,83,34,20386,22047,9522,34654,3745,2443,761,922,rest
1.54898E+12,0,75,1.65E-05,20,83,34,20386,22047,9522,34654,3745,2443,761,922,rest
1.54898E+12,0,56,1.23E-05,20,83,34,20386,22047,9522,34654,3745,2443,761,922,rest
1.54898E+12,0,67,1.47E-05,20,83,34,20386,22047,9522,34654,3745,2443,761,922,rest
1.54898E+12,0,120,2.64E-05,20,83,34,20386,22047,9522,34654,3745,2443,761,922,rest
1.54898E+12,0,-128,-2.81E-05,20,83,34,20386,22047,9522,34654,3745,2443,761,922,rest
1.54898E+12,0,57,1.25E-05,20,83,34,20386,22047,9522,34654,3745,2443,761,922,rest
1.54898E+12,0,67,1.47E-05,20,83,34,20386,22047,9522,34654,3745,2443,761,922,rest
1.54898E+12,0,85,1.87E-05,20,83,34,20386,22047,9522,34654,3745,2443,761,922,rest
1.54898E+12,0,105,2.31E-05,20,83,34,20386,22047,9522,34654,3745,2443,761,922,rest
1.54898E+12,0,33,7.25E-06,20,83,34,20386,22047,9522,34654,3745,2443,761,922,rest
1.54898E+12,0,22,4.83E-06,20,83,34,20386,22047,9522,34654,3745,2443,761,922,rest
1.54898E+12,0,18,3.96E-06,20,83,34,20386,22047,9522,34654,3745,2443,761,922,rest
1.54898E+12,0,18,3.96E-06,20,83,34,20386,22047,9522,34654,3745,2443,761,922,rest
1.54898E+12,0,19,4.17E-06,20,83,34,20386,22047,9522,34654,3745,2443,761,922,rest
1.54898E+12,0,36,7.91E-06,20,83,34,20386,22047,9522,34654,3745,2443,761,922,rest
1.54898E+12,0,43,9.45E-06,20,83,34,20386,22047,9522,34654,3745,2443,761,922,rest
1.54898E+12,0,51,1.12E-05,20,83,34,20386,22047,9522,34654,3745,2443,761,922,rest
1.54898E+12,0,22,4.83E-06,54,69,34,16770422,16756002,21572,2678,5544,5281,3147,1567,rest
1.54898E+12,0,58,1.27E-05,50,53,34,103986,16749810,18860,24495,20072,9408,2253,859,rest
1.54898E+12,0,50,1.10E-05,50,53,34,103986,16749810,18860,24495,20072,9408,2253,859,rest
1.54898E+12,0,61,1.34E-05,50,53,34,103986,16749810,18860,24495,20072,9408,2253,859,rest
1.54898E+12,0,69,1.52E-05,50,53,34,103986,16749810,18860,24495,20072,9408,2253,859,rest
1.54898E+12,0,32,7.03E-06,50,53,34,103986,16749810,18860,24495,20072,9408,2253,859,rest
1.54898E+12,0,-273,-6.00E-05,50,53,34,103986,16749810,18860,24495,20072,9408,2253,859,rest
1.54898E+12,0,24,5.27E-06,29,77,34,66126,25710,6252,16765692,8030,11925,919,707,rest
1.54898E+12,0,-274,-6.02E-05,29,77,34,66126,25710,6252,16765692,8030,11925,919,707,rest
1.54898E+12,0,-269,-5.91E-05,29,77,34,66126,25710,6252,16765692,8030,11925,919,707,rest
1.54898E+12,0,76,1.67E-05,57,51,34,57123,19767,16870,16751452,3625,8751,4392,2324,rest
1.54898E+12,0,32,7.03E-06,57,51,34,57123,19767,16870,16751452,3625,8751,4392,2324,rest
1.54898E+12,0,90,1.98E-05,43,83,34,13380,10969,18172,16764062,9622,8409,2660,1066,rest
1.54898E+12,0,84,1.85E-05,43,83,34,13380,10969,18172,16764062,9622,8409,2660,1066,rest
1.54898E+12,0,81,1.78E-05,43,83,34,13380,10969,18172,16764062,9622,8409,2660,1066,rest
1.54898E+12,0,89,1.96E-05,43,83,34,13380,10969,18172,16764062,9622,8409,2660,1066,rest
1.54898E+12,0,54,1.19E-05,43,83,34,13380,10969,18172,16764062,9622,8409,2660,1066,rest
1.54898E+12,0,49,1.08E-05,43,83,34,13380,10969,18172,16764062,9622,8409,2660,1066,rest
1.54898E+12,0,57,1.25E-05,43,83,34,13380,10969,18172,16764062,9622,8409,2660,1066,rest
1.54898E+12,0,54,1.19E-05,43,83,34,13380,10969,18172,16764062,9622,8409,2660,1066,rest
1.54898E+12,0,4,8.79E-07,43,83,34,13380,10969,18172,16764062,9622,8409,2660,1066,rest
1.54898E+12,0,113,2.48E-05,43,83,34,13380,10969,18172,16764062,9622,8409,2660,1066,rest
1.54898E+12,0,116,2.55E-05,43,83,34,13380,10969,18172,16764062,9622,8409,2660,1066,rest
1.54898E+12,0,112,2.46E-05,43,83,34,13380,10969,18172,16764062,9622,8409,2660,1066,rest
1.54898E+12,0,70,1.54E-05,43,83,34,13380,10969,18172,16764062,9622,8409,2660,1066,rest
1.54898E+12,0,11,2.42E-06,43,83,34,13380,10969,18172,16764062,9622,8409,2660,1066,rest
1.54898E+12,0,0,0,43,83,34,13380,10969,18172,16764062,9622,8409,2660,1066,rest
1.54898E+12,0,-299,-6.57E-05,43,83,34,13380,10969,18172,16764062,9622,8409,2660,1066,rest
1.54898E+12,0,-123,-2.70E-05,38,74,34,70777,11605,11092,27943,2723,8541,1936,1003,rest
1.54898E+12,0,2,4.39E-07,64,81,34,16751357,21735,16759961,14385,5905,20198,3053,4535,rest
1.54898E+12,0,43,9.45E-06,64,81,34,16751357,21735,16759961,14385,5905,20198,3053,4535,rest
1.54898E+12,0,87,1.91E-05,64,81,34,16751357,21735,16759961,14385,5905,20198,3053,4535,rest
1.54898E+12,0,66,1.45E-05,64,81,34,16751357,21735,16759961,14385,5905,20198,3053,4535,rest
1.54898E+12,0,65,1.43E-05,64,81,34,16751357,21735,16759961,14385,5905,20198,3053,4535,rest
1.54898E+12,0,27,5.93E-06,64,81,34,16751357,21735,16759961,14385,5905,20198,3053,4535,rest
1.54898E+12,0,91,2.00E-05,64,81,34,16751357,21735,16759961,14385,5905,20198,3053,4535,rest
1.54898E+12,0,91,2.00E-05,41,48,34,225093,19364,12709,8549,3202,4990,2571,1959,rest
1.54898E+12,0,106,2.33E-05,41,48,34,225093,19364,12709,8549,3202,4990,2571,1959,rest
1.54898E+12,0,56,1.23E-05,41,48,34,225093,19364,12709,8549,3202,4990,2571,1959,rest
1.54898E+12,0,11,2.42E-06,63,57,34,39662,21504,11948,16775299,5004,12035,2312,622,rest
1.54898E+12,0,35,7.69E-06,63,57,34,39662,21504,11948,16775299,5004,12035,2312,622,rest
1.54898E+12,0,18,3.96E-06,63,57,34,39662,21504,11948,16775299,5004,12035,2312,622,rest
1.54898E+12,0,41,9.01E-06,63,57,34,39662,21504,11948,16775299,5004,12035,2312,622,rest
1.54898E+12,0,28,6.15E-06,63,57,34,39662,21504,11948,16775299,5004,12035,2312,622,rest
1.54898E+12,0,18,3.96E-06,41,69,34,16746974,16659,11560,16770009,6017,9917,2628,974,rest
1.54898E+12,0,41,9.01E-06,41,69,34,16746974,16659,11560,16770009,6017,9917,2628,974,rest
1.54898E+12,0,44,9.67E-06,41,69,34,16746974,16659,11560,16770009,6017,9917,2628,974,rest
1.54898E+12,0,121,2.66E-05,41,69,34,16746974,16659,11560,16770009,6017,9917,2628,974,rest
1.54898E+12,0,13,2.86E-06,41,69,34,16746974,16659,11560,16770009,6017,9917,2628,974,rest
1.54898E+12,0,56,1.23E-05,41,69,34,16746974,16659,11560,16770009,6017,9917,2628,974,rest
1.54898E+12,0,19,4.17E-06,37,60,34,80632,16753371,6329,12368,6529,6619,2887,902,rest
1.54898E+12,0,5,1.10E-06,37,60,34,80632,16753371,6329,12368,6529,6619,2887,902,rest
1.54898E+12,0,57,1.25E-05,37,60,34,80632,16753371,6329,12368,6529,6619,2887,902,rest
1.54898E+12,0,71,1.56E-05,37,60,34,80632,16753371,6329,12368,6529,6619,2887,902,rest
1.54898E+12,0,70,1.54E-05,37,60,34,80632,16753371,6329,12368,6529,6619,2887,902,rest
1.54898E+12,0,26,5.71E-06,37,60,34,80632,16753371,6329,12368,6529,6619,2887,902,rest
1.54898E+12,0,17,3.74E-06,37,60,34,80632,16753371,6329,12368,6529,6619,2887,902,rest
1.54898E+12,0,64,1.41E-05,37,60,34,80632,16753371,6329,12368,6529,6619,2887,902,rest
1.54898E+12,0,42,9.23E-06,37,60,34,80632,16753371,6329,12368,6529,6619,2887,902,rest
