timeDiff,rawEeg,signalLevel,blinkStrength,attention,meditation,lowGamma,highGamma,highAlpha,delta,highBeta,lowAlpha,lowBeta,theta
0.008138, 3654, 0, 0, 0, 0, 0, 0, 0, 0, 0, 1, 1
0.008178, 3654, 0, 0, 0, 0, 0, 0, 0, 0, 0, 1, 1
0.008199, 3654, 0, 0, 0, 0, 0, 0, 0, 0, 0, 1, 1
0.008262, 3654, 0, 0, 0, 0, 0, 0, 0, 0, 0, 1, 1
0.008283, 3654, 0, 0, 0, 0, 0, 0, 0, 0, 0, 1, 1
0.008302, 3654, 0, 0, 0, 0, 0, 0, 0, 0, 0, 1, 1
0.008367, 3554, 0, 0, 0, 0, 0, 0, 0, 0, 0, 1, 1
0.008389, 3654, 0, 0, 0, 0, 0, 0, 0, 0, 0, 1, 1
0.008407, 3654, 0, 0, 0, 0, 0, 0, 0, 0, 0, 1, 1
0.008425, 3654, 0, 0, 0, 0, 0, 0, 0, 0, 0, 1, 1
0.008486, 3654, 0, 0, 0, 0, 0, 0, 0, 0, 0, 1, 1
0.008508, 3654, 0, 0, 0, 0, 0, 0, 0, 0, 0, 1, 1
0.008527, 3654, 0, 0, 0, 0, 0, 0, 0, 0, 0, 1, 1
0.00859, 3654, 0, 0, 0, 0, 0, 0, 0, 0, 0, 1, 1
0.00861, 3654, 0, 0, 0, 0, 0, 0, 0, 0, 0, 1, 1
0.008629, 3654, 0, 0, 0, 0, 0, 0, 0, 0, 0, 1, 1
0.008691, 3654, 0, 0, 0, 0, 0, 0, 0, 0, 0, 1, 1
0.008711, 3654, 0, 0, 0, 0, 0, 0, 0, 0, 0, 1, 1
0.008732, 3654, 0, 0, 0, 0, 0, 0, 0, 0, 0, 1, 1
0.008759, 3654, 0, 0, 0, 0, 0, 0, 0, 0, 0, 1, 1
0.008821, 3654, 0, 0, 0, 0, 0, 0, 0, 0, 0, 1, 1
0.008841, 3754, 0, 0, 0, 0, 0, 0, 0, 0, 0, 1, 1
0.008861, 3654, 0, 0, 0, 0, 0, 0, 0, 0, 0, 1, 1
0.008931, 3754, 0, 0, 0, 0, 0, 0, 0, 0, 0, 1, 1
0.008963, 3654, 0, 0, 0, 0, 0, 0, 0, 0, 0, 1, 1
0.00902, 3754, 0, 0, 0, 0, 0, 0, 0, 0, 0, 1, 1
0.00911, 3654, 0, 0, 0, 0, 0, 0, 0, 0, 0, 1, 1
0.009136, 3654, 0, 0, 0, 0, 0, 0, 0, 0, 0, 1, 1
0.009156, 3654, 0, 0, 0, 0, 0, 0, 0, 0, 0, 1, 1
0.009175, 3654, 0, 0, 0, 0, 0, 0, 0, 0, 0, 1, 1
0.00924, 3654, 0, 0, 0, 0, 0, 0, 0, 0, 0, 1, 1
0.009262, 3654, 0, 0, 0, 0, 0, 0, 0, 0, 0, 1, 1
0.00928, 3654, 0, 0, 0, 0, 0, 0, 0, 0, 0, 1, 1
0.009345, 3654, 0, 0, 0, 0, 0, 0, 0, 0, 0, 1, 1
0.009366, 3654, 0, 0, 0, 0, 0, 0, 0, 0, 0, 1, 1
0.009384, 3654, 0, 0, 0, 0, 0, 0, 0, 0, 0, 1, 1
0.009447, 3654, 0, 0, 0, 0, 0, 0, 0, 0, 0, 1, 1
0.009468, 3654, 0, 0, 0, 0, 0, 0, 0, 0, 0, 1, 1
0.009486, 3654, 0, 0, 0, 0, 0, 0, 0, 0, 0, 1, 1
0.009504, 3654, 0, 0, 0, 0, 0, 0, 0, 0, 0, 1, 1
0.009566, 3654, 0, 0, 0, 0, 0, 0, 0, 0, 0, 1, 1
0.009586, 3754, 0, 0, 0, 0, 0, 0, 0, 0, 0, 1, 1
0.009606, 3654, 0, 0, 0, 0, 0, 0, 0, 0, 0, 1, 1
0.009671, 3654, 0, 0, 0, 0, 0, 0, 0, 0, 0, 1, 1
0.018437, 36200, 0, 0, 0, 0, 0, 0, 0, 0, 0, 0, 1
0.018557, 36200, 0, 0, 0, 0, 0, 0, 0, 0, 0, 0, 1
0.018609, 37200, 0, 0, 0, 0, 0, 0, 0, 0, 0, 0, 1
0.018804, 36200, 0, 0, 0, 0, 0, 0, 0, 0, 0, 0, 1
0.018903, 37200, 0, 0, 0, 0, 0, 0, 0, 0, 0, 0, 1
0.018986, 36200, 0, 0, 0, 0, 0, 0, 0, 0, 0, 0, 1
0.019084, 36200, 0, 0, 0, 0, 0, 0, 0, 0, 0, 0, 1
0.019434, 36200, 0, 0, 0, 0, 0, 0, 0, 0, 0, 0, 1
0.019554, 36200, 0, 0, 0, 0, 0, 0, 0, 0, 0, 0, 1
0.019604, 36200, 0, 0, 0, 0, 0, 0, 0, 0, 0, 0, 1
0.019827, 36200, 0, 0, 0, 0, 0, 0, 0, 0, 0, 0, 1
0.019979, 36200, 0, 0, 0, 0, 0, 0, 0, 0, 0, 0, 1
0.02005, 36200, 0, 0, 0, 0, 0, 0, 0, 0, 0, 0, 1
0.020302, 36200, 0, 0, 0, 0, 0, 0, 0, 0, 0, 0, 1
0.020409, 36200, 0, 0, 0, 0, 0, 0, 0, 0, 0, 0, 1
0.020462, 36200, 0, 0, 0, 0, 0, 0, 0, 0, 0, 0, 1
0.020515, 36200, 0, 0, 0, 0, 0, 0, 0, 0, 0, 0, 1
0.020731, 37200, 0, 0, 0, 0, 0, 0, 0, 0, 0, 0, 1
0.020823, 36200, 0, 0, 0, 0, 0, 0, 0, 0, 0, 0, 1
0.020871, 37200, 0, 0, 0, 0, 0, 0, 0, 0, 0, 0, 1
0.021039, 37200, 0, 0, 0, 0, 0, 0, 0, 0, 0, 0, 1
0.021112, 37200, 0, 0, 0, 0, 0, 0, 0, 0, 0, 0, 1
0.021156, 37200, 0, 0, 0, 0, 0, 0, 0, 0, 0, 0, 1
0.021438, 37200, 0, 0, 0, 0, 0, 0, 0, 0, 0, 0, 1
0.021643, 36200, 0, 0, 0, 0, 0, 0, 0, 0, 0, 0, 1
0.021681, 37200, 0, 0, 0, 0, 0, 0, 0, 0, 0, 0, 1
0.021713, 37200, 0, 0, 0, 0, 0, 0, 0, 0, 0, 0, 1
0.021925, 37200, 0, 0, 0, 0, 0, 0, 0, 0, 0, 0, 1
0.022, 37200, 0, 0, 0, 0, 0, 0, 0, 0, 0, 0, 1
0.02203, 37200, 0, 0, 0, 0, 0, 0, 0, 0, 0, 0, 1
0.022166, 36200, 0, 0, 0, 0, 0, 0, 0, 0, 0, 0, 1
0.022237, 37200, 0, 0, 0, 0, 0, 0, 0, 0, 0, 0, 1
0.022279, 37200, 0, 0, 0, 0, 0, 0, 0, 0, 0, 0, 1
0.022409, 37200, 0, 0, 0, 0, 0, 0, 0, 0, 0, 0, 1
0.022486, 36200, 0, 0, 0, 0, 0, 0, 0, 0, 0, 0, 1
0.022527, 37200, 0, 0, 0, 0, 0, 0, 0, 0, 0, 0, 1
0.022566, 37200, 0, 0, 0, 0, 0, 0, 0, 0, 0, 0, 1
0.02284, 36200, 0, 0, 0, 0, 0, 0, 0, 0, 0, 0, 1
0.023039, 37200, 0, 0, 0, 0, 0, 0, 0, 0, 0, 0, 1
0.023115, 36200, 0, 0, 0, 0, 0, 0, 0, 0, 0, 0, 1
0.023245, 37200, 0, 0, 0, 0, 0, 0, 0, 0, 0, 0, 1
0.023279, 37200, 0, 0, 0, 0, 0, 0, 0, 0, 0, 0, 1
0.023458, 37200, 0, 0, 0, 1, 3, 1, 21, 0, 1, 0, 1
0.023657, 37200, 0, 0, 0, 1, 3, 1, 21, 0, 1, 0, 1
0.023733, 38200, 0, 0, 0, 1, 3, 1, 21, 0, 1, 0, 1
0.023761, 37200, 0, 0, 0, 1, 3, 1, 21, 0, 1, 0, 1
0.02392, 37200, 0, 0, 0, 1, 3, 1, 21, 0, 1, 0, 1
0.023951, 36200, 0, 0, 0, 1, 3, 1, 21, 0, 1, 0, 1
0.023971, 37200, 0, 0, 0, 1, 3, 1, 21, 0, 1, 0, 1
0.024044, 37200, 0, 0, 0, 1, 3, 1, 21, 0, 1, 0, 1
0.024067, 37200, 0, 0, 0, 1, 3, 1, 21, 0, 1, 0, 1
0.024095, 37200, 0, 0, 0, 1, 3, 1, 21, 0, 1, 0, 1
0.024125, 37200, 0, 0, 0, 1, 3, 1, 21, 0, 1, 0, 1
0.024234, 37200, 0, 0, 0, 1, 3, 1, 21, 0, 1, 0, 1
0.024293, 37200, 0, 0, 0, 1, 3, 1, 21, 0, 1, 0, 1
0.024341, 37200, 0, 0, 0, 1, 3, 1, 21, 0, 1, 0, 1
0.024472, 37200, 0, 0, 0, 1, 3, 1, 21, 0, 1, 0, 1
0.024521, 37200, 0, 0, 0, 1, 3, 1, 21, 0, 1, 0, 1
0.024568, 37200, 0, 0, 0, 1, 3, 1, 21, 0, 1, 0, 1
0.024672, 37200, 0, 0, 0, 1, 3, 1, 21, 0, 1, 0, 1
0.024713, 37200, 0, 0, 0, 1, 3, 1, 21, 0, 1, 0, 1
0.024732, 37200, 0, 0, 0, 1, 3, 1, 21, 0, 1, 0, 1
0.02475, 37200, 0, 0, 0, 1, 3, 1, 21, 0, 1, 0, 1
0.024816, 37200, 0, 0, 0, 1, 3, 1, 21, 0, 1, 0, 1
0.024837, 37200, 0, 0, 0, 1, 3, 1, 21, 0, 1, 0, 1
0.024866, 37200, 0, 0, 0, 1, 3, 1, 21, 0, 1, 0, 1
0.024996, 37200, 0, 0, 0, 1, 3, 1, 21, 0, 1, 0, 1
0.025037, 37200, 0, 0, 0, 1, 3, 1, 21, 0, 1, 0, 1
0.02506, 37200, 0, 0, 0, 1, 3, 1, 21, 0, 1, 0, 1
0.025181, 37200, 0, 0, 0, 1, 3, 1, 21, 0, 1, 0, 1
0.025213, 38200, 0, 0, 0, 1, 3, 1, 21, 0, 1, 0, 1
0.02525, 37200, 0, 0, 0, 1, 3, 1, 21, 0, 1, 0, 1
0.025269, 37200, 0, 0, 0, 1, 3, 1, 21, 0, 1, 0, 1
0.025334, 37200, 0, 0, 0, 1, 3, 1, 21, 0, 1, 0, 1
0.025355, 37200, 0, 0, 0, 1, 3, 1, 21, 0, 1, 0, 1
0.025373, 37200, 0, 0, 0, 1, 3, 1, 21, 0, 1, 0, 1
0.025436, 37200, 0, 0, 0, 1, 3, 1, 21, 0, 1, 0, 1
0.025457, 37200, 0, 0, 0, 1, 3, 1, 21, 0, 1, 0, 1
0.025475, 37200, 0, 0, 0, 1, 3, 1, 21, 0, 1, 0, 1
0.025549, 37200, 0, 0, 0, 1, 3, 1, 21, 0, 1, 0, 1
0.025576, 37200, 0, 0, 0, 1, 3, 1, 21, 0, 1, 0, 1
0.025599, 37200, 0, 0, 0, 1, 3, 1, 21, 0, 1, 0, 1
0.025621, 37200, 0, 0, 0, 1, 3, 1, 21, 0, 1, 0, 1
0.025702, 37200, 0, 0, 0, 1, 3, 1, 21, 0, 1, 0, 1
0.025727, 37200, 0, 0, 0, 1, 3, 1, 21, 0, 1, 0, 1
0.025746, 37200, 0, 0, 0, 1, 3, 1, 21, 0, 1, 0, 1
0.025831, 36200, 0, 0, 0, 1, 3, 1, 21, 0, 1, 0, 1
0.025982, 36200, 0, 0, 0, 0, 0, 0, 2, 0, 0, 0, 0
0.026069, 37200, 0, 0, 0, 0, 0, 0, 2, 0, 0, 0, 0
0.026094, 37200, 0, 0, 0, 0, 0, 0, 2, 0, 0, 0, 0
0.026114, 37200, 0, 0, 0, 0, 0, 0, 2, 0, 0, 0, 0
0.026133, 37200, 0, 0, 0, 0, 0, 0, 2, 0, 0, 0, 0
0.026204, 37200, 0, 0, 0, 0, 0, 0, 2, 0, 0, 0, 0
0.026228, 37200, 0, 0, 0, 0, 0, 0, 2, 0, 0, 0, 0
0.026248, 38200, 0, 0, 0, 0, 0, 0, 2, 0, 0, 0, 0
0.026315, 37200, 0, 0, 0, 0, 0, 0, 2, 0, 0, 0, 0
0.026338, 37200, 0, 0, 0, 0, 0, 0, 2, 0, 0, 0, 0
0.026355, 38200, 0, 0, 0, 0, 0, 0, 2, 0, 0, 0, 0
0.026423, 37200, 0, 0, 0, 0, 0, 0, 2, 0, 0, 0, 0
0.026445, 37200, 0, 0, 0, 0, 0, 0, 2, 0, 0, 0, 0
0.026464, 37200, 0, 0, 0, 0, 0, 0, 2, 0, 0, 0, 0
0.026483, 37200, 0, 0, 0, 0, 0, 0, 2, 0, 0, 0, 0
0.026554, 37200, 0, 0, 0, 0, 0, 0, 2, 0, 0, 0, 0
0.02658, 36200, 0, 0, 0, 0, 0, 0, 2, 0, 0, 0, 0
0.026599, 37200, 0, 0, 0, 0, 0, 0, 2, 0, 0, 0, 0
0.026666, 38200, 0, 0, 0, 0, 0, 0, 2, 0, 0, 0, 0
0.026691, 37200, 0, 0, 0, 0, 0, 0, 2, 0, 0, 0, 0
0.02671, 37200, 0, 0, 0, 0, 0, 0, 2, 0, 0, 0, 0
0.026777, 37200, 0, 0, 0, 0, 0, 0, 2, 0, 0, 0, 0
0.026802, 37200, 0, 0, 0, 0, 0, 0, 2, 0, 0, 0, 0
0.026822, 38200, 0, 0, 0, 0, 0, 0, 2, 0, 0, 0, 0
0.02684, 38200, 0, 0, 0, 0, 0, 0, 2, 0, 0, 0, 0
0.026909, 37200, 0, 0, 0, 0, 0, 0, 2, 0, 0, 0, 0
0.026933, 38200, 0, 0, 0, 0, 0, 0, 2, 0, 0, 0, 0
0.026954, 40200, 0, 0, 0, 0, 0, 0, 2, 0, 0, 0, 0
0.027044, 41200, 0, 0, 0, 0, 0, 0, 2, 0, 0, 0, 0
0.02708, 41200, 0, 0, 0, 0, 0, 0, 2, 0, 0, 0, 0
0.027102, 40200, 0, 0, 0, 0, 0, 0, 2, 0, 0, 0, 0
0.02719, 42200, 0, 0, 0, 0, 0, 0, 2, 0, 0, 0, 0
0.027225, 36200, 0, 0, 0, 0, 0, 0, 2, 0, 0, 0, 0
0.027247, 35200, 0, 0, 0, 0, 0, 0, 2, 0, 0, 0, 0
0.027366, 35200, 0, 0, 0, 0, 0, 0, 2, 0, 0, 0, 0
0.027548, 35200, 0, 0, 0, 0, 0, 0, 2, 0, 0, 0, 0
0.027658, 37200, 0, 0, 0, 0, 0, 0, 2, 0, 0, 0, 0
0.027726, 38200, 0, 0, 0, 0, 0, 0, 2, 0, 0, 0, 0
0.027914, 38200, 0, 0, 0, 0, 0, 0, 2, 0, 0, 0, 0
0.027959, 35200, 0, 0, 0, 0, 0, 0, 2, 0, 0, 0, 0
0.027979, 37200, 0, 0, 0, 0, 0, 0, 2, 0, 0, 0, 0
0.028046, 37200, 0, 0, 0, 0, 0, 0, 2, 0, 0, 0, 0
0.028069, 40200, 0, 0, 0, 0, 0, 0, 2, 0, 0, 0, 0
0.028089, 40200, 0, 0, 0, 0, 0, 0, 2, 0, 0, 0, 0
0.028109, 39200, 0, 0, 0, 0, 0, 0, 2, 0, 0, 0, 0
0.028175, 42200, 0, 0, 0, 0, 0, 0, 2, 0, 0, 0, 0
0.028198, 33200, 0, 0, 0, 0, 0, 0, 2, 0, 0, 0, 0
0.028218, 37200, 0, 0, 0, 0, 0, 0, 2, 0, 0, 0, 0
0.028396, 37200, 0, 0, 0, 4, 228, 2, 57, 6, 19, 3, 16
0.028435, 43200, 0, 0, 0, 4, 228, 2, 57, 6, 19, 3, 16
0.028507, 48200, 0, 0, 0, 4, 228, 2, 57, 6, 19, 3, 16
0.02853, 60200, 0, 0, 0, 4, 228, 2, 57, 6, 19, 3, 16
0.028551, 53200, 0, 0, 0, 4, 228, 2, 57, 6, 19, 3, 16
0.028577, 49200, 0, 0, 0, 4, 228, 2, 57, 6, 19, 3, 16
0.028654, 44200, 0, 0, 0, 4, 228, 2, 57, 6, 19, 3, 16
0.028728, 33200, 0, 0, 0, 4, 228, 2, 57, 6, 19, 3, 16
0.028771, 36200, 0, 0, 0, 4, 228, 2, 57, 6, 19, 3, 16
0.028952, 28200, 0, 0, 0, 4, 228, 2, 57, 6, 19, 3, 16
0.028999, 23200, 0, 0, 0, 4, 228, 2, 57, 6, 19, 3, 16
0.02902, 26200, 0, 0, 0, 4, 228, 2, 57, 6, 19, 3, 16
0.029158, 51200, 0, 0, 0, 4, 228, 2, 57, 6, 19, 3, 16
0.029188, 23200, 0, 0, 0, 4, 228, 2, 57, 6, 19, 3, 16
0.029207, 32200, 0, 0, 0, 4, 228, 2, 57, 6, 19, 3, 16
0.029225, 32200, 0, 0, 0, 4, 228, 2, 57, 6, 19, 3, 16
0.029287, 43200, 0, 0, 0, 4, 228, 2, 57, 6, 19, 3, 16
0.029307, 58200, 0, 0, 0, 4, 228, 2, 57, 6, 19, 3, 16
0.029325, 54200, 0, 0, 0, 4, 228, 2, 57, 6, 19, 3, 16
0.029385, 41200, 0, 0, 0, 4, 228, 2, 57, 6, 19, 3, 16
0.029404, 38200, 0, 0, 0, 4, 228, 2, 57, 6, 19, 3, 16
0.029421, 39200, 0, 0, 0, 4, 228, 2, 57, 6, 19, 3, 16
0.029479, 50200, 0, 0, 0, 4, 228, 2, 57, 6, 19, 3, 16
0.029498, 75200, 0, 0, 0, 4, 228, 2, 57, 6, 19, 3, 16
0.029516, 72200, 0, 0, 0, 4, 228, 2, 57, 6, 19, 3, 16
0.029532, 82200, 0, 0, 0, 4, 228, 2, 57, 6, 19, 3, 16
0.029591, 74200, 0, 0, 0, 4, 228, 2, 57, 6, 19, 3, 16
0.02961, 27200, 0, 0, 0, 4, 228, 2, 57, 6, 19, 3, 16
0.029627, -2200, 0, 0, 0, 4, 228, 2, 57, 6, 19, 3, 16
0.029685, 16200, 0, 0, 0, 4, 228, 2, 57, 6, 19, 3, 16
0.029704, 29200, 0, 0, 0, 4, 228, 2, 57, 6, 19, 3, 16
0.02972, 37200, 0, 0, 0, 4, 228, 2, 57, 6, 19, 3, 16
0.02978, 66200, 0, 0, 0, 4, 228, 2, 57, 6, 19, 3, 16
0.029799, 25200, 0, 0, 0, 4, 228, 2, 57, 6, 19, 3, 16
0.029816, 35200, 0, 0, 0, 4, 228, 2, 57, 6, 19, 3, 16
0.029832, 9200, 0, 0, 0, 4, 228, 2, 57, 6, 19, 3, 16
0.030046, 28200, 0, 0, 0, 4, 228, 2, 57, 6, 19, 3, 16
0.030301, 20200, 0, 0, 0, 4, 228, 2, 57, 6, 19, 3, 16
0.030582, 85200, 0, 0, 0, 4, 228, 2, 57, 6, 19, 3, 16
0.030908, 33200, 0, 0, 0, 4, 228, 2, 57, 6, 19, 3, 16
0.031133, 38200, 0, 0, 0, 4, 228, 2, 57, 6, 19, 3, 16
0.031326, 82200, 0, 0, 0, 4, 228, 2, 57, 6, 19, 3, 16
0.0316, 69200, 0, 0, 0, 4, 228, 2, 57, 6, 19, 3, 16
0.032096, 25200, 0, 0, 0, 4, 228, 2, 57, 6, 19, 3, 16
0.032549, 25200, 0, 0, 0, 2979, 42304, 2082, 118380, 2393, 7921, 5927, 80305
0.032744, 41200, 0, 0, 0, 2979, 42304, 2082, 118380, 2393, 7921, 5927, 80305
0.033053, 49200, 0, 0, 0, 2979, 42304, 2082, 118380, 2393, 7921, 5927, 80305
0.033362, 25200, 0, 0, 0, 2979, 42304, 2082, 118380, 2393, 7921, 5927, 80305
0.033579, 16200, 0, 0, 0, 2979, 42304, 2082, 118380, 2393, 7921, 5927, 80305
0.034056, 18200, 0, 0, 0, 2979, 42304, 2082, 118380, 2393, 7921, 5927, 80305
0.034724, 64200, 0, 0, 0, 2979, 42304, 2082, 118380, 2393, 7921, 5927, 80305
0.035051, 48200, 0, 0, 0, 2979, 42304, 2082, 118380, 2393, 7921, 5927, 80305
0.035321, 26200, 0, 0, 0, 2979, 42304, 2082, 118380, 2393, 7921, 5927, 80305
0.035587, 74200, 0, 0, 0, 2979, 42304, 2082, 118380, 2393, 7921, 5927, 80305
0.035859, 27200, 0, 0, 0, 2979, 42304, 2082, 118380, 2393, 7921, 5927, 80305
0.036165, 12200, 0, 0, 0, 2979, 42304, 2082, 118380, 2393, 7921, 5927, 80305
0.036514, 69200, 0, 0, 0, 2979, 42304, 2082, 118380, 2393, 7921, 5927, 80305
0.036767, 57200, 0, 0, 0, 2979, 42304, 2082, 118380, 2393, 7921, 5927, 80305
0.0371, 97200, 0, 0, 0, 2979, 42304, 2082, 118380, 2393, 7921, 5927, 80305
0.037322, 43200, 0, 0, 0, 2979, 42304, 2082, 118380, 2393, 7921, 5927, 80305
0.037608, 52200, 0, 0, 0, 2979, 42304, 2082, 118380, 2393, 7921, 5927, 80305
0.037933, 73200, 0, 0, 0, 2979, 42304, 2082, 118380, 2393, 7921, 5927, 80305
0.038236, 84200, 0, 0, 0, 2979, 42304, 2082, 118380, 2393, 7921, 5927, 80305
0.038544, 70200, 0, 0, 0, 2979, 42304, 2082, 118380, 2393, 7921, 5927, 80305
0.038801, 99200, 0, 0, 0, 2979, 42304, 2082, 118380, 2393, 7921, 5927, 80305
0.039097, 97200, 0, 0, 0, 2979, 42304, 2082, 118380, 2393, 7921, 5927, 80305
0.039447, 89200, 0, 0, 0, 2979, 42304, 2082, 118380, 2393, 7921, 5927, 80305
0.039719, 96200, 0, 0, 0, 2979, 42304, 2082, 118380, 2393, 7921, 5927, 80305
0.039958, 23200, 0, 0, 0, 2979, 42304, 2082, 118380, 2393, 7921, 5927, 80305
0.040309, 3200, 0, 0, 0, 2979, 42304, 2082, 118380, 2393, 7921, 5927, 80305
0.040626, 77200, 0, 0, 0, 2979, 42304, 2082, 118380, 2393, 7921, 5927, 80305
0.040939, 67200, 0, 0, 0, 2979, 42304, 2082, 118380, 2393, 7921, 5927, 80305
0.041189, 71200, 0, 0, 0, 2979, 42304, 2082, 118380, 2393, 7921, 5927, 80305
0.041465, -19200, 0, 0, 0, 2979, 42304, 2082, 118380, 2393, 7921, 5927, 80305
0.041749, -4200, 0, 0, 0, 2979, 42304, 2082, 118380, 2393, 7921, 5927, 80305
0.041971, -34200, 0, 0, 0, 2979, 42304, 2082, 118380, 2393, 7921, 5927, 80305
0.042202, 7200, 0, 0, 0, 2979, 42304, 2082, 118380, 2393, 7921, 5927, 80305
0.04255, -45200, 0, 0, 0, 2979, 42304, 2082, 118380, 2393, 7921, 5927, 80305
0.042905, 1200, 0, 0, 0, 2979, 42304, 2082, 118380, 2393, 7921, 5927, 80305
0.043256, -19200, 0, 0, 0, 2979, 42304, 2082, 118380, 2393, 7921, 5927, 80305
0.043507, 57200, 0, 0, 0, 2979, 42304, 2082, 118380, 2393, 7921, 5927, 80305
0.04384, 41200, 0, 0, 0, 2979, 42304, 2082, 118380, 2393, 7921, 5927, 80305
0.044196, -27200, 0, 0, 0, 2979, 42304, 2082, 118380, 2393, 7921, 5927, 80305
0.044484, -13200, 0, 0, 0, 2979, 42304, 2082, 118380, 2393, 7921, 5927, 80305
0.044811, 92200, 0, 0, 0, 2979, 42304, 2082, 118380, 2393, 7921, 5927, 80305
0.045113, 139200, 0, 0, 0, 2979, 42304, 2082, 118380, 2393, 7921, 5927, 80305
0.045388, 114200, 0, 0, 0, 2979, 42304, 2082, 118380, 2393, 7921, 5927, 80305
0.045671, 91200, 0, 0, 0, 2979, 42304, 2082, 118380, 2393, 7921, 5927, 80305
0.046061, 71200, 0, 0, 0, 2979, 42304, 2082, 118380, 2393, 7921, 5927, 80305
0.046476, 117200, 0, 0, 0, 2979, 42304, 2082, 118380, 2393, 7921, 5927, 80305
0.046864, 59200, 0, 0, 0, 2979, 42304, 2082, 118380, 2393, 7921, 5927, 80305
0.047469, 59200, 0, 0, 0, 277, 65439, 1441, 154869, 1921, 2965, 2131, 27114
0.047689, 84200, 0, 0, 0, 277, 65439, 1441, 154869, 1921, 2965, 2131, 27114
0.04796, 50200, 0, 0, 0, 277, 65439, 1441, 154869, 1921, 2965, 2131, 27114
0.048264, 137200, 0, 0, 0, 277, 65439, 1441, 154869, 1921, 2965, 2131, 27114
0.048562, 48200, 0, 0, 0, 277, 65439, 1441, 154869, 1921, 2965, 2131, 27114
0.04882, -44200, 0, 0, 0, 277, 65439, 1441, 154869, 1921, 2965, 2131, 27114
0.049167, 67200, 0, 0, 0, 277, 65439, 1441, 154869, 1921, 2965, 2131, 27114
0.049534, 128200, 0, 0, 0, 277, 65439, 1441, 154869, 1921, 2965, 2131, 27114
0.04981, 188200, 0, 0, 0, 277, 65439, 1441, 154869, 1921, 2965, 2131, 27114
0.050081, 113200, 0, 0, 0, 277, 65439, 1441, 154869, 1921, 2965, 2131, 27114
0.050352, 114200, 0, 0, 0, 277, 65439, 1441, 154869, 1921, 2965, 2131, 27114
0.050682, 17200, 0, 0, 0, 277, 65439, 1441, 154869, 1921, 2965, 2131, 27114
0.051008, -45200, 0, 0, 0, 277, 65439, 1441, 154869, 1921, 2965, 2131, 27114
0.051292, -12200, 0, 0, 0, 277, 65439, 1441, 154869, 1921, 2965, 2131, 27114
0.051578, 37200, 0, 0, 0, 277, 65439, 1441, 154869, 1921, 2965, 2131, 27114
0.051883, -3200, 0, 0, 0, 277, 65439, 1441, 154869, 1921, 2965, 2131, 27114
0.052124, -81200, 0, 0, 0, 277, 65439, 1441, 154869, 1921, 2965, 2131, 27114
0.052407, -8200, 0, 0, 0, 277, 65439, 1441, 154869, 1921, 2965, 2131, 27114
0.052728, 141200, 0, 0, 0, 277, 65439, 1441, 154869, 1921, 2965, 2131, 27114
0.052997, -151200, 0, 0, 0, 277, 65439, 1441, 154869, 1921, 2965, 2131, 27114
0.053365, -25200, 0, 0, 0, 277, 65439, 1441, 154869, 1921, 2965, 2131, 27114
0.053633, 19200, 0, 0, 0, 277, 65439, 1441, 154869, 1921, 2965, 2131, 27114
0.053866, 49200, 0, 0, 0, 277, 65439, 1441, 154869, 1921, 2965, 2131, 27114
0.054196, 86200, 0, 0, 0, 277, 65439, 1441, 154869, 1921, 2965, 2131, 27114
0.054698, 121200, 0, 0, 0, 277, 65439, 1441, 154869, 1921, 2965, 2131, 27114
0.055115, 59200, 0, 0, 0, 277, 65439, 1441, 154869, 1921, 2965, 2131, 27114
0.055425, 179200, 0, 0, 0, 277, 65439, 1441, 154869, 1921, 2965, 2131, 27114
0.055739, 139200, 0, 0, 0, 277, 65439, 1441, 154869, 1921, 2965, 2131, 27114
0.056021, 86200, 0, 0, 0, 277, 65439, 1441, 154869, 1921, 2965, 2131, 27114
0.056298, 108200, 0, 0, 0, 277, 65439, 1441, 154869, 1921, 2965, 2131, 27114
0.05662, 213200, 0, 0, 0, 277, 65439, 1441, 154869, 1921, 2965, 2131, 27114
0.057016, -3200, 0, 0, 0, 277, 65439, 1441, 154869, 1921, 2965, 2131, 27114
0.057573, 75200, 0, 0, 0, 277, 65439, 1441, 154869, 1921, 2965, 2131, 27114
0.058019, 106200, 0, 0, 0, 277, 65439, 1441, 154869, 1921, 2965, 2131, 27114
0.058468, -25200, 0, 0, 0, 277, 65439, 1441, 154869, 1921, 2965, 2131, 27114
0.058803, 49200, 0, 0, 0, 277, 65439, 1441, 154869, 1921, 2965, 2131, 27114
0.059036, -100200, 0, 0, 0, 277, 65439, 1441, 154869, 1921, 2965, 2131, 27114
0.059319, -43200, 0, 0, 0, 277, 65439, 1441, 154869, 1921, 2965, 2131, 27114
0.059642, -53200, 0, 0, 0, 277, 65439, 1441, 154869, 1921, 2965, 2131, 27114
0.059986, -21200, 0, 0, 0, 277, 65439, 1441, 154869, 1921, 2965, 2131, 27114
0.06034, -105200, 0, 0, 0, 277, 65439, 1441, 154869, 1921, 2965, 2131, 27114
0.060637, -122200, 0, 0, 0, 277, 65439, 1441, 154869, 1921, 2965, 2131, 27114
0.060936, -7200, 0, 0, 0, 277, 65439, 1441, 154869, 1921, 2965, 2131, 27114
0.061301, -1200, 0, 0, 0, 277, 65439, 1441, 154869, 1921, 2965, 2131, 27114
0.061761, 70200, 0, 0, 0, 277, 65439, 1441, 154869, 1921, 2965, 2131, 27114
0.062106, -14200, 0, 0, 0, 277, 65439, 1441, 154869, 1921, 2965, 2131, 27114
0.062448, -9200, 0, 0, 0, 277, 65439, 1441, 154869, 1921, 2965, 2131, 27114
0.063077, -9200, 0, 0, 0, 1920, 230950, 72495, 996006, 15150, 112477, 18411, 113850
0.063309, 70200, 0, 0, 0, 1920, 230950, 72495, 996006, 15150, 112477, 18411, 113850
0.063393, 70200, 34, 0, 0, 1920, 230950, 72495, 996006, 15150, 112477, 18411, 113850
0.063618, -89200, 0, 0, 0, 1920, 230950, 72495, 996006, 15150, 112477, 18411, 113850
0.063877, 86200, 0, 0, 0, 1920, 230950, 72495, 996006, 15150, 112477, 18411, 113850
0.064226, 89200, 0, 0, 0, 1920, 230950, 72495, 996006, 15150, 112477, 18411, 113850
0.064601, 153200, 0, 0, 0, 1920, 230950, 72495, 996006, 15150, 112477, 18411, 113850
0.064826, 112200, 0, 0, 0, 1920, 230950, 72495, 996006, 15150, 112477, 18411, 113850
0.065221, 89200, 0, 0, 0, 1920, 230950, 72495, 996006, 15150, 112477, 18411, 113850
0.065637, 163200, 0, 0, 0, 1920, 230950, 72495, 996006, 15150, 112477, 18411, 113850
0.065929, 147200, 0, 0, 0, 1920, 230950, 72495, 996006, 15150, 112477, 18411, 113850
0.066298, 252200, 0, 0, 0, 1920, 230950, 72495, 996006, 15150, 112477, 18411, 113850
0.066575, 406200, 0, 0, 0, 1920, 230950, 72495, 996006, 15150, 112477, 18411, 113850
0.06687, 195200, 0, 0, 0, 1920, 230950, 72495, 996006, 15150, 112477, 18411, 113850
0.067195, -6200, 0, 0, 0, 1920, 230950, 72495, 996006, 15150, 112477, 18411, 113850
0.067478, -41200, 0, 0, 0, 1920, 230950, 72495, 996006, 15150, 112477, 18411, 113850
0.067719, 89200, 0, 0, 0, 1920, 230950, 72495, 996006, 15150, 112477, 18411, 113850
0.067805, 89200, 38, 0, 0, 1920, 230950, 72495, 996006, 15150, 112477, 18411, 113850
0.068268, -52200, 0, 0, 0, 1920, 230950, 72495, 996006, 15150, 112477, 18411, 113850
0.068853, 102200, 0, 0, 0, 1920, 230950, 72495, 996006, 15150, 112477, 18411, 113850
0.069426, -41200, 0, 0, 0, 1920, 230950, 72495, 996006, 15150, 112477, 18411, 113850
0.069907, -157200, 0, 0, 0, 1920, 230950, 72495, 996006, 15150, 112477, 18411, 113850
0.070214, -215200, 0, 0, 0, 1920, 230950, 72495, 996006, 15150, 112477, 18411, 113850
0.07053, -118200, 0, 0, 0, 1920, 230950, 72495, 996006, 15150, 112477, 18411, 113850
0.070974, 52200, 0, 0, 0, 1920, 230950, 72495, 996006, 15150, 112477, 18411, 113850
0.071254, 21200, 0, 0, 0, 1920, 230950, 72495, 996006, 15150, 112477, 18411, 113850
0.071571, -84200, 0, 0, 0, 1920, 230950, 72495, 996006, 15150, 112477, 18411, 113850
0.071874, 108200, 0, 0, 0, 1920, 230950, 72495, 996006, 15150, 112477, 18411, 113850
0.072412, -154200, 0, 0, 0, 1920, 230950, 72495, 996006, 15150, 112477, 18411, 113850
0.072663, 252200, 0, 0, 0, 1920, 230950, 72495, 996006, 15150, 112477, 18411, 113850
0.072953, 17200, 0, 0, 0, 1920, 230950, 72495, 996006, 15150, 112477, 18411, 113850
0.073308, 42200, 0, 0, 0, 1920, 230950, 72495, 996006, 15150, 112477, 18411, 113850
0.073431, 42200, 46, 0, 0, 1920, 230950, 72495, 996006, 15150, 112477, 18411, 113850
0.073703, 116200, 0, 0, 0, 1920, 230950, 72495, 996006, 15150, 112477, 18411, 113850
0.074019, 197200, 0, 0, 0, 1920, 230950, 72495, 996006, 15150, 112477, 18411, 113850
0.07434, 171200, 0, 0, 0, 1920, 230950, 72495, 996006, 15150, 112477, 18411, 113850
0.074885, 228200, 0, 0, 0, 1920, 230950, 72495, 996006, 15150, 112477, 18411, 113850
0.075354, 354200, 0, 0, 0, 1920, 230950, 72495, 996006, 15150, 112477, 18411, 113850
0.075785, 333200, 0, 0, 0, 1920, 230950, 72495, 996006, 15150, 112477, 18411, 113850
0.076392, 339200, 0, 0, 0, 1920, 230950, 72495, 996006, 15150, 112477, 18411, 113850
0.076796, 81200, 0, 0, 0, 1920, 230950, 72495, 996006, 15150, 112477, 18411, 113850
0.07715, 244200, 0, 0, 0, 1920, 230950, 72495, 996006, 15150, 112477, 18411, 113850
0.077498, -6200, 0, 0, 0, 1920, 230950, 72495, 996006, 15150, 112477, 18411, 113850
0.077622, -6200, 42, 0, 0, 1920, 230950, 72495, 996006, 15150, 112477, 18411, 113850
0.07783, 10200, 0, 0, 0, 1920, 230950, 72495, 996006, 15150, 112477, 18411, 113850
0.078051, 115200, 0, 0, 0, 1920, 230950, 72495, 996006, 15150, 112477, 18411, 113850
0.078266, -330200, 0, 0, 0, 1920, 230950, 72495, 996006, 15150, 112477, 18411, 113850
0.078599, -92200, 0, 0, 0, 1920, 230950, 72495, 996006, 15150, 112477, 18411, 113850
0.079126, -50200, 0, 0, 0, 1920, 230950, 72495, 996006, 15150, 112477, 18411, 113850
0.079678, 33200, 0, 0, 0, 1920, 230950, 72495, 996006, 15150, 112477, 18411, 113850
0.080274, 33200, 0, 0, 0, 2344, 157169, 63748, 974831, 9692, 35034, 2560, 227439
0.080761, -126200, 0, 0, 0, 2344, 157169, 63748, 974831, 9692, 35034, 2560, 227439
0.081059, 28200, 0, 0, 0, 2344, 157169, 63748, 974831, 9692, 35034, 2560, 227439
0.081362, 131200, 0, 0, 0, 2344, 157169, 63748, 974831, 9692, 35034, 2560, 227439
0.081682, 155200, 0, 0, 0, 2344, 157169, 63748, 974831, 9692, 35034, 2560, 227439
0.082012, 112200, 0, 0, 0, 2344, 157169, 63748, 974831, 9692, 35034, 2560, 227439
0.082263, 43200, 0, 0, 0, 2344, 157169, 63748, 974831, 9692, 35034, 2560, 227439
0.082566, 82200, 0, 0, 0, 2344, 157169, 63748, 974831, 9692, 35034, 2560, 227439
0.082927, 416200, 0, 0, 0, 2344, 157169, 63748, 974831, 9692, 35034, 2560, 227439
0.083261, -88200, 0, 0, 0, 2344, 157169, 63748, 974831, 9692, 35034, 2560, 227439
0.083581, -1200, 0, 0, 0, 2344, 157169, 63748, 974831, 9692, 35034, 2560, 227439
0.083914, -23200, 0, 0, 0, 2344, 157169, 63748, 974831, 9692, 35034, 2560, 227439
0.08423, 276200, 0, 0, 0, 2344, 157169, 63748, 974831, 9692, 35034, 2560, 227439
0.084492, 203200, 0, 0, 0, 2344, 157169, 63748, 974831, 9692, 35034, 2560, 227439
0.084845, 161200, 0, 0, 0, 2344, 157169, 63748, 974831, 9692, 35034, 2560, 227439
0.085167, 295200, 0, 0, 0, 2344, 157169, 63748, 974831, 9692, 35034, 2560, 227439
0.085448, 266200, 0, 0, 0, 2344, 157169, 63748, 974831, 9692, 35034, 2560, 227439
0.085704, -27200, 0, 0, 0, 2344, 157169, 63748, 974831, 9692, 35034, 2560, 227439
0.085967, -151200, 0, 0, 0, 2344, 157169, 63748, 974831, 9692, 35034, 2560, 227439
0.086316, -188200, 0, 0, 0, 2344, 157169, 63748, 974831, 9692, 35034, 2560, 227439
0.086802, 86200, 0, 0, 0, 2344, 157169, 63748, 974831, 9692, 35034, 2560, 227439
0.08712, -71200, 0, 0, 0, 2344, 157169, 63748, 974831, 9692, 35034, 2560, 227439
0.087426, -166200, 0, 0, 0, 2344, 157169, 63748, 974831, 9692, 35034, 2560, 227439
0.087846, -68200, 0, 0, 0, 2344, 157169, 63748, 974831, 9692, 35034, 2560, 227439
0.08816, 90200, 0, 0, 0, 2344, 157169, 63748, 974831, 9692, 35034, 2560, 227439
0.088463, 73200, 0, 0, 0, 2344, 157169, 63748, 974831, 9692, 35034, 2560, 227439
0.088667, 152200, 0, 0, 0, 2344, 157169, 63748, 974831, 9692, 35034, 2560, 227439
0.089025, 66200, 0, 0, 0, 2344, 157169, 63748, 974831, 9692, 35034, 2560, 227439
0.0895, -107200, 0, 0, 0, 2344, 157169, 63748, 974831, 9692, 35034, 2560, 227439
0.089979, 20200, 0, 0, 0, 2344, 157169, 63748, 974831, 9692, 35034, 2560, 227439
0.090061, 20200, 47, 0, 0, 2344, 157169, 63748, 974831, 9692, 35034, 2560, 227439
0.090299, 23200, 0, 0, 0, 2344, 157169, 63748, 974831, 9692, 35034, 2560, 227439
0.090613, 89200, 0, 0, 0, 2344, 157169, 63748, 974831, 9692, 35034, 2560, 227439
0.090925, 228200, 0, 0, 0, 2344, 157169, 63748, 974831, 9692, 35034, 2560, 227439
0.091275, 265200, 0, 0, 0, 2344, 157169, 63748, 974831, 9692, 35034, 2560, 227439
0.091536, 265200, 0, 0, 0, 2344, 157169, 63748, 974831, 9692, 35034, 2560, 227439
0.091916, 150200, 0, 0, 0, 2344, 157169, 63748, 974831, 9692, 35034, 2560, 227439
0.092434, 43200, 0, 0, 0, 2344, 157169, 63748, 974831, 9692, 35034, 2560, 227439
0.092821, 56200, 0, 0, 0, 2344, 157169, 63748, 974831, 9692, 35034, 2560, 227439
0.093138, -58200, 0, 0, 0, 2344, 157169, 63748, 974831, 9692, 35034, 2560, 227439
0.093211, -58200, 40, 0, 0, 2344, 157169, 63748, 974831, 9692, 35034, 2560, 227439
0.093451, 76200, 0, 0, 0, 2344, 157169, 63748, 974831, 9692, 35034, 2560, 227439
0.093789, 9200, 0, 0, 0, 2344, 157169, 63748, 974831, 9692, 35034, 2560, 227439
0.094167, -93200, 0, 0, 0, 2344, 157169, 63748, 974831, 9692, 35034, 2560, 227439
0.09462, -62200, 0, 0, 0, 2344, 157169, 63748, 974831, 9692, 35034, 2560, 227439
0.094908, -184200, 0, 0, 0, 2344, 157169, 63748, 974831, 9692, 35034, 2560, 227439
0.095106, 164200, 0, 0, 0, 2344, 157169, 63748, 974831, 9692, 35034, 2560, 227439
0.095563, -151200, 0, 0, 0, 2344, 157169, 63748, 974831, 9692, 35034, 2560, 227439
0.096195, -173200, 0, 0, 0, 2344, 157169, 63748, 974831, 9692, 35034, 2560, 227439
0.097215, -173200, 0, 0, 0, 4645, 736303, 88936, 917923, 35804, 118491, 26075, 1995219
0.097633, -2200, 0, 0, 0, 4645, 736303, 88936, 917923, 35804, 118491, 26075, 1995219
0.097727, -2200, 48, 0, 0, 4645, 736303, 88936, 917923, 35804, 118491, 26075, 1995219
0.097998, 122200, 0, 0, 0, 4645, 736303, 88936, 917923, 35804, 118491, 26075, 1995219
0.098388, 247200, 0, 0, 0, 4645, 736303, 88936, 917923, 35804, 118491, 26075, 1995219
0.098684, -139200, 0, 0, 0, 4645, 736303, 88936, 917923, 35804, 118491, 26075, 1995219
0.098987, 64200, 0, 0, 0, 4645, 736303, 88936, 917923, 35804, 118491, 26075, 1995219
0.099306, 71200, 0, 0, 0, 4645, 736303, 88936, 917923, 35804, 118491, 26075, 1995219
0.099583, 183200, 0, 0, 0, 4645, 736303, 88936, 917923, 35804, 118491, 26075, 1995219
0.099801, 208200, 0, 0, 0, 4645, 736303, 88936, 917923, 35804, 118491, 26075, 1995219
0.100136, 165200, 0, 0, 0, 4645, 736303, 88936, 917923, 35804, 118491, 26075, 1995219
0.100442, 288200, 0, 0, 0, 4645, 736303, 88936, 917923, 35804, 118491, 26075, 1995219
0.100672, 267200, 0, 0, 0, 4645, 736303, 88936, 917923, 35804, 118491, 26075, 1995219
0.101284, 280200, 0, 0, 0, 4645, 736303, 88936, 917923, 35804, 118491, 26075, 1995219
0.101705, 116200, 0, 0, 0, 4645, 736303, 88936, 917923, 35804, 118491, 26075, 1995219
0.101926, 217200, 0, 0, 0, 4645, 736303, 88936, 917923, 35804, 118491, 26075, 1995219
0.102209, -55200, 0, 0, 0, 4645, 736303, 88936, 917923, 35804, 118491, 26075, 1995219
0.102579, 16200, 0, 0, 0, 4645, 736303, 88936, 917923, 35804, 118491, 26075, 1995219
0.102932, -93200, 0, 0, 0, 4645, 736303, 88936, 917923, 35804, 118491, 26075, 1995219
0.103262, -68200, 0, 0, 0, 4645, 736303, 88936, 917923, 35804, 118491, 26075, 1995219
0.103652, -293200, 0, 0, 0, 4645, 736303, 88936, 917923, 35804, 118491, 26075, 1995219
0.104057, -134200, 0, 0, 0, 4645, 736303, 88936, 917923, 35804, 118491, 26075, 1995219
0.104479, -24200, 0, 0, 0, 4645, 736303, 88936, 917923, 35804, 118491, 26075, 1995219
0.105192, 49200, 0, 0, 0, 4645, 736303, 88936, 917923, 35804, 118491, 26075, 1995219
0.105558, 51200, 0, 0, 0, 4645, 736303, 88936, 917923, 35804, 118491, 26075, 1995219
0.105857, 98200, 0, 0, 0, 4645, 736303, 88936, 917923, 35804, 118491, 26075, 1995219
0.106181, 268200, 0, 0, 0, 4645, 736303, 88936, 917923, 35804, 118491, 26075, 1995219
0.106524, 145200, 0, 0, 0, 4645, 736303, 88936, 917923, 35804, 118491, 26075, 1995219
0.106948, 150200, 0, 0, 0, 4645, 736303, 88936, 917923, 35804, 118491, 26075, 1995219
0.107405, -166200, 0, 0, 0, 4645, 736303, 88936, 917923, 35804, 118491, 26075, 1995219
0.107713, 92200, 0, 0, 0, 4645, 736303, 88936, 917923, 35804, 118491, 26075, 1995219
0.107802, 92200, 41, 0, 0, 4645, 736303, 88936, 917923, 35804, 118491, 26075, 1995219
0.107989, 99200, 0, 0, 0, 4645, 736303, 88936, 917923, 35804, 118491, 26075, 1995219
0.108386, -141200, 0, 0, 0, 4645, 736303, 88936, 917923, 35804, 118491, 26075, 1995219
0.108853, -20200, 0, 0, 0, 4645, 736303, 88936, 917923, 35804, 118491, 26075, 1995219
0.109181, 103200, 0, 0, 0, 4645, 736303, 88936, 917923, 35804, 118491, 26075, 1995219
0.109484, 278200, 0, 0, 0, 4645, 736303, 88936, 917923, 35804, 118491, 26075, 1995219
0.109791, 201200, 0, 0, 0, 4645, 736303, 88936, 917923, 35804, 118491, 26075, 1995219
0.11005, 225200, 0, 0, 0, 4645, 736303, 88936, 917923, 35804, 118491, 26075, 1995219
0.110289, 245200, 0, 0, 0, 4645, 736303, 88936, 917923, 35804, 118491, 26075, 1995219
0.11055, 293200, 0, 0, 0, 4645, 736303, 88936, 917923, 35804, 118491, 26075, 1995219
0.110897, 247200, 0, 0, 0, 4645, 736303, 88936, 917923, 35804, 118491, 26075, 1995219
0.111218, 130200, 0, 0, 0, 4645, 736303, 88936, 917923, 35804, 118491, 26075, 1995219
0.111496, -92200, 0, 0, 0, 4645, 736303, 88936, 917923, 35804, 118491, 26075, 1995219
0.111843, -294200, 0, 0, 0, 4645, 736303, 88936, 917923, 35804, 118491, 26075, 1995219
0.11196, -294200, 43, 0, 0, 4645, 736303, 88936, 917923, 35804, 118491, 26075, 1995219
0.112295, -109200, 0, 0, 0, 4645, 736303, 88936, 917923, 35804, 118491, 26075, 1995219
0.112611, -104200, 0, 0, 0, 4645, 736303, 88936, 917923, 35804, 118491, 26075, 1995219
0.112961, 17200, 0, 0, 0, 4645, 736303, 88936, 917923, 35804, 118491, 26075, 1995219
0.113517, 17200, 0, 0, 0, 460, 50083, 8568, 255896, 2023, 2834, 914, 23364
0.113723, -170200, 0, 0, 0, 460, 50083, 8568, 255896, 2023, 2834, 914, 23364
0.113958, -25200, 0, 0, 0, 460, 50083, 8568, 255896, 2023, 2834, 914, 23364
0.114284, -124200, 0, 0, 0, 460, 50083, 8568, 255896, 2023, 2834, 914, 23364
0.114488, -36200, 0, 0, 0, 460, 50083, 8568, 255896, 2023, 2834, 914, 23364
0.11478, 96200, 0, 0, 0, 460, 50083, 8568, 255896, 2023, 2834, 914, 23364
0.115093, 9200, 0, 0, 0, 460, 50083, 8568, 255896, 2023, 2834, 914, 23364
0.115437, 89200, 0, 0, 0, 460, 50083, 8568, 255896, 2023, 2834, 914, 23364
0.115557, 89200, 44, 0, 0, 460, 50083, 8568, 255896, 2023, 2834, 914, 23364
0.11584, 37200, 0, 0, 0, 460, 50083, 8568, 255896, 2023, 2834, 914, 23364
0.116215, 187200, 0, 0, 0, 460, 50083, 8568, 255896, 2023, 2834, 914, 23364
0.116529, 154200, 0, 0, 0, 460, 50083, 8568, 255896, 2023, 2834, 914, 23364
0.116833, 374200, 0, 0, 0, 460, 50083, 8568, 255896, 2023, 2834, 914, 23364
0.117191, 189200, 0, 0, 0, 460, 50083, 8568, 255896, 2023, 2834, 914, 23364
0.117426, -390200, 0, 0, 0, 460, 50083, 8568, 255896, 2023, 2834, 914, 23364
0.117754, -220200, 0, 0, 0, 460, 50083, 8568, 255896, 2023, 2834, 914, 23364
0.118103, 427200, 0, 0, 0, 460, 50083, 8568, 255896, 2023, 2834, 914, 23364
0.118425, 216200, 0, 0, 0, 460, 50083, 8568, 255896, 2023, 2834, 914, 23364
0.118596, 249200, 0, 0, 0, 460, 50083, 8568, 255896, 2023, 2834, 914, 23364
0.118741, 68200, 0, 0, 0, 460, 50083, 8568, 255896, 2023, 2834, 914, 23364
0.11891, 58200, 0, 0, 0, 460, 50083, 8568, 255896, 2023, 2834, 914, 23364
0.119137, -74200, 0, 0, 0, 460, 50083, 8568, 255896, 2023, 2834, 914, 23364
0.119395, -115200, 0, 0, 0, 460, 50083, 8568, 255896, 2023, 2834, 914, 23364
0.119614, -190200, 0, 0, 0, 460, 50083, 8568, 255896, 2023, 2834, 914, 23364
0.119966, -107200,